gen,best_J,mean_J,std_J,goals,cols,oobs,timeouts,best_cells,best_steps,best_dist,ep_time,stag
0,-253.59,50.38,125.65,0,2,3,15,7,200,1.988,387.58,0
1,-238.80,31.32,114.49,0,8,2,10,7,200,1.977,329.44,1
0,-194.48,40.58,103.08,0,5,0,15,6,200,1.489,411.96,0
0,-268.68,74.61,105.63,0,5,3,12,3,200,1.895,399.90,0
0,-287.49,57.58,116.46,0,14,3,3,9,200,2.414,309.19,0
0,-3.34,148.79,35.04,0,0,0,20,3,200,1.912,441.70,0
1,157.54,157.54,0.00,0,0,0,20,2,200,1.951,440.79,1
0,-221.00,-46.33,177.92,0,1,0,19,1,200,1.995,437.98,0
1,159.00,159.00,0.00,0,0,0,20,2,200,2.387,440.06,1
2,159.00,159.00,0.00,0,0,0,20,2,200,2.387,440.27,2
0,-279.00,28.95,141.80,0,3,2,15,3,200,2.328,571.53,0
1,-358.00,10.53,158.58,0,2,3,15,6,200,2.320,428.79,0
2,-351.00,-50.90,178.11,0,1,0,19,5,200,2.035,469.04,1
3,-322.10,-6.96,161.81,0,1,1,18,4,200,1.438,459.69,2
4,-304.60,-10.68,167.35,0,2,1,17,1,200,1.947,489.68,3
5,-321.05,11.27,117.55,0,4,1,15,1,200,1.929,516.06,4
6,-301.39,-48.92,177.58,0,1,2,17,1,200,1.959,481.44,5
7,-343.28,-65.30,201.44,0,1,3,16,2,200,1.735,473.51,6
8,-316.40,-30.92,175.76,0,0,0,20,4,200,1.576,483.15,7
9,-320.94,-14.59,144.22,0,2,0,18,2,200,1.756,455.41,8
10,-425.71,-61.89,169.57,0,1,1,18,8,200,2.055,446.24,0
11,-381.85,-4.86,154.47,0,2,2,16,6,200,2.002,419.73,1
12,-390.59,-52.13,187.38,0,0,1,19,6,200,1.984,477.48,2
13,-411.00,-96.99,170.47,0,0,0,20,7,200,2.055,483.16,3
14,-391.69,-7.74,149.95,0,2,1,17,5,200,1.624,444.21,4
15,-285.35,33.73,130.62,0,1,0,19,8,158,2.054,479.78,5
16,-411.35,2.74,151.19,0,1,2,17,7,200,2.003,433.29,6
17,-350.79,-42.32,174.66,0,0,1,19,5,200,1.882,463.92,7
18,-349.76,11.39,157.27,0,0,1,19,5,200,1.874,465.83,8
19,-443.73,-1.24,166.74,0,1,1,18,7,200,2.266,464.34,0
20,-458.00,-54.36,171.45,0,0,0,20,9,200,2.290,484.33,0
21,-479.00,-5.78,172.07,0,0,0,20,9,200,2.196,481.89,0
22,-487.40,-25.09,189.91,0,1,1,18,9,200,2.188,453.26,0
23,-496.00,-4.88,187.88,0,1,1,18,9,200,2.201,471.76,0
24,-477.00,-20.70,171.06,0,2,1,17,9,200,2.194,443.25,1
25,-485.37,-120.36,207.00,0,0,1,19,9,200,2.196,474.01,2
26,-496.12,-71.63,194.91,0,1,0,19,9,200,2.204,469.61,0
27,-482.00,-29.46,199.70,0,0,4,16,9,200,2.201,432.86,1
28,-495.00,-64.93,203.30,0,1,1,18,9,200,2.194,460.86,2
29,-478.00,-18.29,187.13,0,1,3,16,9,200,2.193,439.78,3
30,-486.00,-60.50,205.94,0,0,0,20,9,200,2.206,482.28,4
31,-483.00,-15.95,202.81,0,2,0,18,9,200,2.196,458.34,5
32,-486.74,-15.77,180.80,0,1,1,18,9,200,2.195,448.49,6
33,-478.39,-31.72,196.52,0,1,2,17,9,200,2.190,458.11,7
34,-489.00,-31.81,189.00,0,1,3,16,9,200,2.192,428.82,8
35,-486.30,-106.53,222.07,0,0,3,17,9,200,2.187,441.29,9
36,-486.00,-68.81,209.94,0,0,1,19,9,200,2.194,469.76,10
37,-481.36,-52.73,195.57,0,3,0,17,9,200,2.207,433.47,1
38,-479.00,-62.57,232.01,0,0,1,19,9,200,2.195,468.12,2
39,-494.00,-34.77,188.74,0,0,3,17,9,200,2.199,438.08,3
40,-484.00,-33.80,165.97,0,1,2,17,9,200,2.191,433.43,4
41,-484.00,-59.30,203.87,0,1,1,18,9,200,2.197,469.89,5
42,-489.00,-76.33,197.23,0,1,1,18,9,200,2.187,462.68,6
43,-485.00,-73.64,199.45,0,2,1,17,9,200,2.185,458.95,7
44,-484.00,-61.25,193.94,0,4,0,16,9,200,2.192,428.09,8
45,-484.00,-34.09,193.39,0,0,0,20,9,200,2.190,486.43,9
46,-488.36,-119.17,214.11,0,0,0,20,9,200,2.201,483.57,10
47,-484.00,-63.25,215.71,0,0,1,19,9,200,2.180,469.48,1
48,-487.41,-41.52,227.45,0,0,2,18,9,200,2.182,472.50,2
49,-497.35,-6.91,186.89,0,1,0,19,9,200,2.182,471.46,0
50,-474.00,-44.97,227.61,0,0,1,19,9,200,2.198,472.64,1
51,-490.00,-79.45,228.75,0,0,0,20,9,200,2.200,488.10,2
52,-482.00,-100.40,237.17,0,1,0,19,9,200,2.192,467.54,3
53,-484.00,-75.21,234.32,0,1,1,18,9,200,2.194,463.54,4
54,-484.00,-71.45,221.13,0,0,0,20,9,200,2.200,485.63,5
55,-488.00,-95.68,208.76,0,0,0,20,9,200,2.178,484.40,6
56,-493.00,-86.97,226.20,0,1,0,19,9,200,2.197,480.86,7
57,-481.40,-67.22,211.26,0,0,0,20,9,200,2.194,489.04,8
58,-492.00,-37.49,196.12,0,0,1,19,9,200,2.204,474.84,9
59,-496.00,-36.90,208.48,0,2,0,18,9,200,2.201,463.51,10
60,-486.00,-91.69,204.14,0,0,1,19,9,200,2.202,476.27,1
61,-484.13,-97.29,242.55,0,1,3,16,7,200,1.800,438.73,2
62,-451.00,-14.77,187.47,0,1,0,19,7,200,2.250,470.41,3
63,-484.00,-55.50,177.77,0,1,1,18,9,200,2.189,455.97,4
64,-484.34,-91.70,192.40,0,1,0,19,9,200,2.190,477.83,5
65,-485.00,-68.19,197.64,0,0,2,18,9,200,2.194,465.70,6
66,-484.31,-44.77,193.25,0,0,1,19,9,200,2.199,481.95,7
67,-488.30,-58.32,223.06,0,1,0,19,9,200,2.202,478.96,8
68,-474.00,-58.98,208.53,0,1,1,18,8,200,2.186,480.99,9
69,-489.00,-4.53,192.99,0,1,1,18,9,200,2.195,461.11,10
70,-489.00,-38.58,214.11,0,0,2,18,9,200,2.197,471.64,1
71,-485.00,-57.86,213.06,0,2,1,17,9,200,2.193,460.10,2
72,-491.00,-42.63,191.01,0,2,1,17,9,200,2.199,463.67,3
73,-474.59,-58.21,205.53,0,0,2,18,9,200,2.200,464.27,4
74,-487.00,-106.35,215.41,0,2,0,18,9,200,2.181,458.08,5
75,-479.00,-122.67,182.74,0,1,1,18,9,200,2.195,473.18,6
76,-499.00,-29.85,179.30,0,3,1,16,9,200,2.190,677.22,0
77,-525.02,-109.66,207.85,0,2,1,17,10,200,2.077,746.10,0
78,-469.43,-43.70,158.53,0,6,2,12,7,200,1.881,688.06,1
79,-503.85,-13.47,175.03,0,8,1,11,9,200,1.855,599.01,2
80,-499.80,-67.13,139.84,0,3,1,16,9,200,1.796,779.35,3
81,-512.67,-3.14,188.85,0,4,2,14,9,200,1.845,704.87,4
82,-509.17,-14.83,187.53,0,4,0,16,9,200,1.833,718.55,5
83,-490.22,-103.35,216.20,0,1,0,19,8,200,1.870,852.71,6
84,-483.61,-42.82,176.98,0,7,1,12,8,200,1.976,677.86,7
85,-508.42,-2.94,176.12,0,3,3,14,9,200,1.764,648.87,8
86,-510.76,-72.75,202.90,0,3,1,16,9,200,1.870,728.34,9
87,-477.66,-59.64,202.95,0,3,1,16,8,200,1.890,719.80,10
88,-501.46,-16.38,176.90,0,5,1,14,9,200,1.863,617.54,1
89,-488.15,-33.57,177.85,0,3,1,16,8,200,2.054,737.99,2
90,-519.46,-94.43,221.85,0,4,1,15,11,200,1.830,729.14,3
91,-482.94,-140.44,207.52,0,3,0,17,10,200,2.088,807.75,4
92,-486.90,-46.16,208.48,0,7,1,12,8,200,1.949,650.32,5
93,-483.70,-73.18,198.57,0,1,1,18,8,200,1.905,587.04,6
94,-476.00,-51.71,211.75,0,2,0,18,8,200,1.999,468.35,7
95,-480.00,-55.81,183.63,0,0,4,16,8,200,1.998,460.70,8
96,-475.00,-41.32,166.24,0,2,2,16,8,200,1.993,450.61,9
97,-492.00,-50.08,196.64,0,1,2,17,8,200,1.990,459.99,10
98,-468.34,-64.10,201.59,0,2,0,18,8,200,2.003,468.54,1
99,-468.00,-120.55,188.31,0,2,2,16,8,200,1.994,453.19,2
100,-480.00,-37.18,177.77,0,2,1,17,8,200,1.995,453.18,3
101,-479.33,-81.13,207.38,0,2,0,18,8,200,1.997,472.87,4
102,-475.00,-66.91,223.93,0,0,0,20,8,200,1.984,499.41,5
103,-470.44,-37.47,196.65,0,2,1,17,8,200,1.997,482.27,6
104,-478.78,-63.04,204.84,0,3,0,17,8,200,1.941,590.45,7
105,-496.10,-15.40,176.47,0,5,2,13,8,200,1.936,518.91,8
106,-487.47,-78.83,212.98,0,1,2,17,8,200,1.963,644.21,9
107,-460.60,-98.74,175.30,0,10,1,9,9,200,1.701,580.69,10
108,-501.42,-38.60,163.17,0,3,1,16,9,200,1.987,718.54,1
109,-417.02,-83.83,175.45,0,9,3,8,7,200,1.874,488.04,2
110,-471.00,-41.53,163.99,0,0,1,19,8,200,2.209,474.49,3
111,-418.00,-120.54,188.89,0,0,1,19,8,200,2.210,489.21,4
112,-303.28,6.73,128.62,0,2,1,17,5,200,1.458,490.46,5
113,-411.11,-62.55,197.29,0,1,0,19,8,200,2.267,534.35,6
114,-471.53,-122.23,185.76,0,3,2,15,8,200,2.093,478.98,7
115,-414.76,-97.41,197.66,0,1,1,18,8,200,2.254,505.95,8
116,-481.25,-77.13,185.83,0,2,1,17,8,200,2.114,507.70,9
117,-473.75,-72.96,161.94,0,1,1,18,8,200,2.237,489.02,10
118,-424.00,-17.79,207.12,0,1,2,17,7,200,2.179,450.06,1
119,-464.00,-105.81,218.63,0,1,0,19,8,200,2.283,463.38,2
0,-140.44,-24.63,58.88,0,2,0,18,0.613,0.607,1.387,4,200,415.85,0
1,-117.60,-34.01,58.01,0,2,0,18,0.511,0.511,1.489,3,200,429.20,1
2,-117.44,-43.86,63.21,0,2,0,18,0.511,0.511,1.489,4,200,427.58,2
3,-140.46,-40.08,70.04,0,3,0,17,0.612,0.609,1.388,3,200,397.59,0
4,-140.44,-35.50,67.76,0,3,0,17,0.611,0.609,1.389,3,200,429.27,1
5,-180.20,-61.29,68.16,0,2,0,18,0.784,0.783,1.216,6,200,433.88,0
6,-179.43,-81.70,54.33,0,0,0,20,0.787,0.767,1.213,8,200,467.63,1
7,-210.86,-71.26,67.89,0,1,0,19,0.917,0.917,1.083,6,200,448.58,0
8,-180.52,-73.74,60.95,0,1,0,19,0.785,0.785,1.215,6,200,445.65,1
9,-204.99,-93.27,52.73,0,0,0,20,0.891,0.891,1.109,9,200,468.18,2
10,-181.01,-71.94,64.94,0,1,0,19,0.787,0.787,1.213,6,200,447.63,3
11,-179.87,-68.14,68.31,0,0,1,19,0.782,0.782,1.218,6,200,490.61,4
12,-203.96,-64.28,76.59,0,3,0,17,0.887,0.887,1.113,7,200,534.59,5
13,-184.30,-89.85,55.53,0,0,0,20,0.807,0.790,1.193,6,200,586.06,6
14,-211.82,-96.60,66.26,0,1,0,19,0.921,0.921,1.079,6,200,500.77,0
15,-191.08,-87.84,54.38,0,0,0,20,0.831,0.831,1.169,7,200,462.00,1
16,-188.57,-102.81,41.75,0,0,0,20,0.819,0.821,1.181,7,200,462.04,2
17,-180.29,-87.85,45.64,0,1,0,19,0.785,0.782,1.215,6,200,451.08,3
18,-181.73,-113.02,28.24,0,0,0,20,0.790,0.790,1.210,6,200,462.81,4
19,-180.28,-96.32,46.60,0,0,0,20,0.784,0.784,1.216,6,200,484.56,5
20,-180.88,-105.51,38.46,0,0,0,20,0.787,0.786,1.213,6,200,476.77,6
21,-180.25,-102.32,47.06,0,0,0,20,0.785,0.782,1.215,6,200,489.91,7
22,-179.39,-84.06,49.48,0,0,0,20,0.788,0.765,1.212,8,200,477.86,8
23,-203.19,-95.52,50.80,0,0,0,20,0.883,0.883,1.117,7,200,459.03,9
24,-180.27,-84.81,51.29,0,1,0,19,0.784,0.783,1.216,7,200,442.16,10
25,-182.36,-99.00,44.40,0,0,0,20,0.793,0.792,1.207,7,200,461.40,1
26,-180.29,-86.40,54.84,0,0,0,20,0.784,0.784,1.216,6,200,458.38,2
27,-206.86,-91.03,54.00,0,0,0,20,0.899,0.899,1.101,8,200,464.81,3
28,-181.67,-93.38,58.45,0,1,0,19,0.790,0.790,1.210,6,200,441.12,4
29,-180.66,-104.80,33.68,0,0,0,20,0.787,0.783,1.213,6,200,459.60,5
30,-179.35,-81.40,52.85,0,1,0,19,0.780,0.780,1.220,6,200,450.72,6
0,-118.25,-19.68,52.48,0,2,0,18,0.514,0.514,1.486,3,300,622.35,0
1,-118.82,-35.25,64.43,0,3,0,17,0.517,0.517,1.483,2,300,593.30,0
2,-143.27,-36.28,62.73,0,2,0,18,0.623,0.623,1.377,4,300,629.92,0
3,-142.80,-26.83,57.45,0,4,0,16,0.621,0.621,1.379,4,300,578.47,1
4,-142.36,-40.17,52.31,0,1,0,19,0.619,0.619,1.381,4,300,651.21,2
5,-144.80,-57.60,54.58,0,1,0,19,0.630,0.630,1.370,4,300,657.06,0
6,-142.34,-66.43,52.41,0,0,0,20,0.619,0.619,1.381,5,300,686.07,1
7,-141.90,-78.95,58.66,0,2,0,18,0.617,0.617,1.383,4,300,632.53,2
8,-145.41,-101.77,51.62,0,1,0,19,0.632,0.632,1.368,4,300,650.63,0
9,-141.42,-61.27,62.72,0,1,0,19,0.618,0.609,1.382,5,300,656.88,1
10,-141.40,-92.34,46.60,0,1,0,19,0.618,0.609,1.382,5,300,651.39,2
11,-142.18,-58.57,54.92,0,1,0,19,0.620,0.615,1.380,4,300,650.49,3
12,-142.23,-67.70,60.69,0,2,0,18,0.621,0.614,1.379,5,300,622.08,4
13,-215.25,-90.96,56.85,0,0,0,20,0.945,0.920,1.055,8,300,683.37,0
14,-210.74,-105.60,52.13,0,0,0,20,0.916,0.916,1.084,6,300,683.10,1
15,-220.03,-107.40,68.76,0,1,0,19,0.965,0.941,1.035,9,300,655.21,0
16,-212.96,-109.17,49.75,0,0,0,20,0.926,0.925,1.074,7,300,679.95,1
17,-176.50,-113.48,56.94,0,1,0,19,0.768,0.766,1.232,6,300,651.81,2
18,-211.14,-101.26,57.08,0,0,0,20,0.918,0.918,1.082,7,300,678.97,3
19,-219.09,-112.73,62.51,0,1,0,19,0.981,0.899,1.019,9,300,663.57,4
20,-178.04,-108.79,53.16,0,1,0,19,0.775,0.772,1.225,6,300,654.92,5
21,-206.44,-100.53,61.14,0,1,0,19,0.899,0.895,1.101,7,300,652.76,6
22,-215.46,-117.44,50.93,0,0,0,20,0.937,0.937,1.063,8,300,682.72,7
23,-214.96,-107.71,55.58,0,0,0,20,0.935,0.935,1.065,7,300,683.85,8
24,-215.54,-101.22,53.71,0,0,0,20,0.937,0.937,1.063,9,300,681.99,9
25,-216.23,-94.29,59.72,0,0,0,20,0.940,0.940,1.060,9,300,682.12,10
26,-215.64,-104.01,53.06,0,0,0,20,0.938,0.938,1.062,8,300,680.02,1
27,-215.43,-108.27,50.35,0,0,0,20,0.937,0.937,1.063,8,300,677.06,2
28,-214.61,-84.04,75.72,0,1,0,19,0.933,0.933,1.067,8,300,660.11,3
29,-217.12,-101.20,70.44,0,1,0,19,0.944,0.944,1.056,7,300,657.50,4
30,-216.25,-104.07,58.55,0,0,0,20,0.940,0.940,1.060,7,300,683.04,5
31,-217.82,-91.56,60.62,0,0,0,20,0.947,0.947,1.053,8,300,683.83,6
32,-219.04,-107.82,63.46,0,0,0,20,0.955,0.947,1.045,9,300,684.26,7
33,-220.06,-112.87,52.52,0,0,0,20,0.957,0.956,1.043,8,300,683.52,0
34,-230.01,-88.58,59.91,0,0,0,20,1.001,0.999,0.999,8,300,680.37,0
35,-230.65,-103.45,59.47,0,0,0,20,1.003,1.003,0.997,6,300,681.80,0
36,-232.00,-112.66,65.99,0,1,0,19,1.009,1.009,0.991,7,300,654.88,0
37,-234.43,-108.45,57.88,0,0,0,20,1.019,1.019,0.981,7,300,680.49,0
38,-229.53,-104.00,66.16,0,2,0,18,0.998,0.998,1.002,5,300,823.77,1
0,-115.52,-20.67,48.82,0,1,0,19,0.503,0.501,1.497,4,200,91.42,0
1,-115.84,-37.58,57.49,0,2,0,18,0.504,0.504,1.496,3,200,91.26,0
2,-140.44,-36.42,61.67,0,2,0,18,0.611,0.611,1.389,4,200,91.31,0
0,-115.76,-16.70,52.68,0,2,0,18,0.503,0.503,1.497,3,200,91.24,0
1,-118.48,-41.79,62.82,0,2,0,18,0.515,0.515,1.485,3,200,91.32,0
2,-126.87,-36.11,52.74,0,1,0,19,0.552,0.552,1.448,3,200,91.31,0
3,-128.05,-24.90,51.26,0,3,0,17,0.557,0.557,1.443,4,200,91.31,0
4,-127.32,-34.58,43.47,0,0,0,20,0.554,0.554,1.446,3,200,91.19,1
5,-130.60,-37.39,66.94,0,1,1,18,0.568,0.568,1.432,3,200,92.00,0
6,-128.71,-31.23,51.15,0,2,0,18,0.560,0.559,1.440,4,200,91.12,1
7,-127.98,-28.33,39.79,0,0,0,20,0.557,0.556,1.443,4,200,93.14,2
8,-128.15,-29.53,56.30,0,2,0,18,0.557,0.557,1.443,4,200,91.62,3
9,-128.99,-33.29,54.12,0,1,0,19,0.561,0.561,1.439,4,200,92.01,4
10,-128.59,-36.21,59.11,0,2,0,18,0.559,0.559,1.441,4,200,92.01,5
11,-129.19,-40.76,66.16,0,0,1,19,0.562,0.561,1.438,4,200,91.65,6
12,-128.98,-40.57,49.08,0,0,0,20,0.561,0.560,1.439,4,200,92.41,7
13,-128.35,-62.08,51.94,0,0,0,20,0.558,0.558,1.442,4,200,91.93,8
14,-138.97,-55.33,52.53,0,1,0,19,0.604,0.604,1.396,3,200,92.99,0
15,-141.13,-59.67,66.95,0,2,0,18,0.614,0.613,1.386,3,200,92.97,0
16,-140.99,-86.81,47.26,0,1,0,19,0.614,0.611,1.386,4,200,91.54,1
17,-141.19,-107.64,39.65,0,0,0,20,0.616,0.611,1.384,4,200,92.45,0
18,-159.91,-71.67,77.77,0,3,0,17,0.695,0.695,1.305,6,200,92.75,0
19,-156.27,-80.54,54.67,0,0,0,20,0.679,0.679,1.321,6,200,92.39,1
20,-155.48,-71.21,56.42,0,0,0,20,0.676,0.676,1.324,6,200,92.57,2
21,-158.74,-72.54,72.92,0,3,0,17,0.690,0.690,1.310,6,200,94.00,3
22,-155.87,-77.88,63.27,0,1,0,19,0.678,0.677,1.322,4,200,93.39,4
23,-166.54,-107.51,50.83,0,0,0,20,0.726,0.721,1.274,5,200,94.27,0
24,-167.84,-115.15,47.74,0,0,0,20,0.730,0.729,1.270,6,200,93.45,0
25,-168.20,-111.11,43.58,0,0,0,20,0.732,0.730,1.268,6,200,93.35,0
26,-170.35,-117.23,42.54,0,0,0,20,0.742,0.738,1.258,5,200,93.17,0
27,-166.39,-110.90,45.74,0,0,0,20,0.724,0.722,1.276,4,200,93.62,1
28,-168.20,-116.82,30.10,0,0,0,20,0.731,0.732,1.269,6,200,92.00,2
29,-167.82,-103.42,42.46,0,0,0,20,0.731,0.727,1.269,6,200,92.97,3
30,-167.11,-76.12,60.33,0,1,0,19,0.728,0.724,1.272,6,200,93.08,4
31,-169.35,-86.96,57.48,0,0,0,20,0.734,0.741,1.266,3,200,92.85,5
32,-168.57,-120.58,47.56,0,0,0,20,0.733,0.733,1.267,6,200,93.30,6
33,-168.12,-119.85,41.82,0,0,0,20,0.732,0.729,1.268,4,200,93.24,7
34,-193.81,-119.51,46.91,0,0,0,20,0.851,0.828,1.149,7,200,93.28,0
35,-193.53,-113.64,45.38,0,0,0,20,0.849,0.827,1.151,9,200,94.07,1
36,-173.86,-117.11,42.04,0,0,0,20,0.756,0.756,1.244,7,200,93.46,2
37,-193.40,-119.67,36.01,0,0,0,20,0.849,0.825,1.151,9,200,93.01,3
38,-194.10,-117.30,41.56,0,0,0,20,0.852,0.828,1.148,8,200,92.83,0
39,-171.24,-124.19,33.24,0,0,0,20,0.745,0.743,1.255,3,200,93.31,1
40,-193.30,-134.37,30.41,0,0,0,20,0.849,0.824,1.151,7,200,93.93,2
41,-205.07,-115.85,40.38,0,0,0,20,0.894,0.888,1.106,8,200,93.64,0
42,-204.42,-109.12,54.87,0,0,0,20,0.891,0.885,1.109,9,200,92.98,1
43,-220.24,-125.12,50.68,0,0,0,20,0.958,0.958,1.042,6,200,93.84,0
44,-219.15,-122.74,50.84,0,0,0,20,0.953,0.953,1.047,8,200,94.88,1
45,-222.87,-117.19,48.42,0,0,0,20,0.969,0.969,1.031,7,200,94.16,0
46,-234.20,-123.84,59.39,0,0,0,20,1.018,1.018,0.982,7,200,92.98,0
47,-232.96,-115.87,51.60,0,0,0,20,1.013,1.013,0.987,8,200,94.32,1
48,-231.85,-122.79,45.71,0,0,0,20,1.008,1.008,0.992,8,200,92.79,2
49,-230.04,-111.44,62.02,0,1,0,19,1.000,1.000,1.000,8,200,94.38,3
50,-232.37,-96.36,60.71,0,0,0,20,1.010,1.010,0.990,8,200,93.77,4
51,-230.63,-113.28,53.01,0,0,0,20,1.003,1.003,0.997,8,200,94.73,5
52,-232.98,-102.00,59.48,0,0,0,20,1.013,1.013,0.987,8,200,94.16,6
53,-223.32,-94.10,62.87,0,0,0,20,0.971,0.971,1.029,5,200,94.22,7
54,-232.69,-96.44,68.24,0,0,0,20,1.012,1.012,0.988,6,200,94.65,8
55,-231.54,-104.73,62.43,0,0,0,20,1.007,1.007,0.993,8,200,93.93,9
56,-232.29,-105.91,55.16,0,0,0,20,1.010,1.010,0.990,8,200,94.77,10
57,-234.21,-88.43,75.66,0,1,0,19,1.018,1.018,0.982,8,200,94.75,0
58,-204.55,-68.88,66.48,0,1,0,19,0.893,0.883,1.107,6,200,93.83,1
59,-233.90,-97.98,56.38,0,0,0,20,1.017,1.017,0.983,6,200,94.06,2
60,-231.40,-103.26,71.71,0,0,0,20,1.006,1.006,0.994,8,200,93.07,3
61,-232.28,-90.62,76.94,0,0,0,20,1.010,1.010,0.990,8,200,94.35,4
62,-233.89,-89.51,66.96,0,0,0,20,1.017,1.017,0.983,8,200,93.93,5
63,-233.67,-65.38,76.77,0,1,0,19,1.016,1.016,0.984,8,200,94.59,6
64,-232.27,-88.83,69.58,0,0,0,20,1.010,1.010,0.990,8,200,94.17,7
65,-230.62,-107.23,68.71,0,0,0,20,1.003,1.003,0.997,8,200,94.64,8
66,-231.91,-85.53,72.35,0,0,0,20,1.008,1.008,0.992,8,200,93.83,9
67,-232.47,-66.46,66.91,0,0,0,20,1.011,1.011,0.989,8,200,92.98,10
68,-230.18,-93.88,74.15,0,0,0,20,1.001,1.001,0.999,8,200,93.82,1
69,-233.39,-83.61,78.17,0,1,0,19,1.015,1.015,0.985,8,200,94.10,2
70,-230.21,-112.89,60.48,0,0,0,20,1.001,1.001,0.999,8,200,94.20,3
71,-232.94,-95.66,71.98,0,0,0,20,1.013,1.013,0.987,8,200,94.73,4
72,-229.80,-99.31,72.30,0,0,0,20,0.999,0.999,1.001,8,200,94.70,5
73,-232.06,-117.80,54.80,0,0,0,20,1.009,1.009,0.991,8,200,94.77,6
74,-232.90,-118.73,69.86,0,0,0,20,1.013,1.013,0.987,8,200,94.49,7
75,-232.81,-118.92,64.73,0,0,0,20,1.012,1.012,0.988,8,200,93.65,8
76,-231.69,-87.39,75.23,0,0,0,20,1.007,1.007,0.993,8,200,94.01,9
77,-233.29,-84.77,81.71,0,1,0,19,1.014,1.014,0.986,8,200,94.89,10
78,-232.83,-78.99,70.05,0,0,0,20,1.012,1.012,0.988,8,200,94.89,1
79,-232.24,-64.17,72.30,0,0,0,20,1.010,1.010,0.990,8,200,94.22,2
80,-231.10,-70.84,72.71,0,0,0,20,1.005,1.005,0.995,8,200,94.80,3
81,-233.42,-70.18,81.47,0,0,0,20,1.015,1.015,0.985,8,200,94.56,4
82,-233.02,-100.78,67.14,0,0,0,20,1.013,1.013,0.987,8,200,94.28,5
83,-231.70,-85.16,78.60,0,0,0,20,1.007,1.007,0.993,6,200,94.31,6
84,-232.52,-88.79,75.74,0,0,0,20,1.011,1.011,0.989,8,200,94.50,7
85,-231.65,-96.73,77.46,0,0,0,20,1.007,1.007,0.993,8,200,94.61,8
86,-231.22,-71.80,73.10,0,0,0,20,1.005,1.005,0.995,8,200,94.17,9
87,-233.43,-89.77,66.31,0,0,0,20,1.015,1.015,0.985,8,200,94.73,10
88,-233.31,-100.14,67.22,0,0,0,20,1.014,1.014,0.986,8,200,94.05,1
89,-231.46,-107.43,68.61,0,1,0,19,1.006,1.006,0.994,8,200,94.80,2
90,-168.72,-100.87,47.37,0,0,0,20,0.734,0.734,1.266,6,200,94.64,3
91,-196.06,-76.78,57.77,0,0,0,20,0.849,0.859,1.151,6,200,94.76,4
92,-205.86,-79.23,63.31,0,0,0,20,0.892,0.901,1.108,9,200,94.53,5
93,-194.04,-93.95,48.49,0,0,0,20,0.849,0.833,1.151,6,200,94.81,6
94,-195.00,-80.41,51.39,0,0,0,20,0.849,0.846,1.151,7,200,94.32,7
95,-148.01,-88.27,52.51,0,0,0,20,0.645,0.641,1.355,4,200,94.65,8
96,-159.19,-106.88,42.07,0,0,0,20,0.692,0.692,1.308,4,200,94.19,9
97,-195.10,-100.60,54.48,0,0,0,20,0.856,0.834,1.144,7,200,93.69,10
98,-194.81,-84.87,48.84,0,0,0,20,0.852,0.837,1.148,7,200,94.68,1
99,-156.73,-81.86,46.89,0,0,0,20,0.682,0.681,1.318,4,200,94.35,2
100,-155.92,-98.52,43.69,0,0,0,20,0.678,0.677,1.322,5,200,94.22,3
101,-155.56,-84.49,60.55,0,2,0,18,0.677,0.676,1.323,5,200,94.12,4
102,-187.28,-84.39,64.30,0,0,0,20,0.814,0.814,1.186,7,200,94.48,5
103,-187.28,-99.81,49.01,0,0,0,20,0.811,0.821,1.189,6,200,94.74,6
104,-186.53,-88.93,53.09,0,0,0,20,0.811,0.811,1.189,6,200,94.17,7
105,-209.87,-97.22,58.11,0,0,0,20,0.913,0.911,1.087,7,200,94.67,8
106,-211.89,-125.83,58.55,0,1,0,19,0.922,0.921,1.078,8,200,94.72,9
107,-227.91,-98.10,60.19,0,0,0,20,0.991,0.991,1.009,5,200,94.72,10
108,-218.06,-81.90,61.50,0,0,0,20,0.948,0.948,1.052,7,200,94.89,1
109,-216.20,-97.47,52.28,0,0,0,20,0.940,0.940,1.060,7,200,94.38,2
110,-224.08,-110.21,53.27,0,0,0,20,0.974,0.975,1.026,6,200,94.40,3
111,-222.83,-82.88,58.85,0,0,0,20,0.969,0.969,1.031,7,200,94.49,4
112,-223.78,-93.32,59.66,0,0,0,20,0.973,0.973,1.027,7,200,94.69,5
113,-222.79,-110.14,49.48,0,0,0,20,0.969,0.969,1.031,7,200,94.63,6
114,-223.48,-81.71,64.62,0,0,0,20,0.971,0.972,1.029,7,200,94.75,7
115,-223.20,-94.11,65.31,0,0,0,20,0.970,0.971,1.030,7,200,94.93,8
116,-223.69,-95.23,63.74,0,0,0,20,0.973,0.973,1.027,7,200,94.64,9
117,-223.40,-103.01,58.29,0,0,0,20,0.971,0.972,1.029,8,200,93.80,10
118,-223.17,-90.28,60.22,0,0,0,20,0.970,0.971,1.030,7,200,94.83,1
119,-222.40,-86.48,66.50,0,0,0,20,0.967,0.967,1.033,8,200,94.91,2
120,-222.97,-98.97,62.12,0,0,0,20,0.969,0.969,1.031,8,200,94.69,3
121,-223.31,-80.49,63.99,0,0,0,20,0.971,0.971,1.029,7,200,94.77,4
122,-222.24,-88.09,63.93,0,0,0,20,0.966,0.967,1.034,7,200,94.72,5
123,-224.16,-70.81,61.45,0,0,0,20,0.975,0.973,1.025,7,200,94.82,6
124,-234.56,-94.29,67.87,0,0,0,20,1.020,1.019,0.980,8,200,94.56,0
125,-231.66,-94.51,68.45,0,0,0,20,1.007,1.007,0.993,8,200,95.09,1
126,-223.61,-72.43,58.06,0,0,0,20,0.972,0.972,1.028,6,200,94.63,2
127,-232.33,-97.44,71.20,0,0,0,20,1.010,1.010,0.990,7,200,94.79,3
128,-223.26,-99.06,62.50,0,0,0,20,0.971,0.971,1.029,6,200,94.80,4
129,-224.17,-102.43,66.99,0,0,0,20,0.975,0.975,1.025,7,200,94.59,5
130,-222.94,-96.95,59.70,0,0,0,20,0.969,0.970,1.031,7,200,94.76,6
131,-222.46,-118.10,46.62,0,0,0,20,0.967,0.968,1.033,8,200,94.64,7
132,-222.76,-111.66,71.15,0,0,0,20,0.969,0.969,1.031,7,200,94.35,8
133,-232.77,-129.42,66.83,0,0,0,20,1.012,1.012,0.988,5,200,94.83,9
134,-222.60,-81.98,63.33,0,0,0,20,0.968,0.968,1.032,6,200,95.10,10
135,-223.78,-95.35,65.64,0,0,0,20,0.973,0.974,1.027,7,200,94.21,1
136,-223.75,-112.66,60.59,0,0,0,20,0.973,0.973,1.027,7,200,94.79,2
137,-223.57,-88.69,59.84,0,0,0,20,0.972,0.972,1.028,7,200,94.72,3
138,-223.29,-108.34,57.44,0,0,0,20,0.971,0.971,1.029,8,200,94.81,4
139,-224.27,-84.46,62.01,0,0,0,20,0.975,0.975,1.025,8,200,94.72,5
140,-223.14,-109.38,60.38,0,0,0,20,0.970,0.971,1.030,7,200,94.74,6
141,-223.00,-110.38,60.40,0,0,0,20,0.969,0.970,1.031,7,200,94.78,7
142,-223.11,-101.85,64.63,0,0,0,20,0.970,0.971,1.030,7,200,95.02,8
143,-223.08,-105.84,62.08,0,0,0,20,0.970,0.970,1.030,8,200,94.66,9
144,-223.01,-107.25,70.41,0,0,0,20,0.969,0.970,1.031,7,200,95.03,10
145,-223.56,-52.96,83.62,0,0,0,20,0.972,0.973,1.028,7,200,94.82,1
146,-223.97,-83.62,68.66,0,0,0,20,0.973,0.975,1.027,8,200,94.62,2
147,-223.24,-98.26,61.97,0,0,0,20,0.970,0.971,1.030,7,200,94.71,3
148,-223.39,-113.59,54.12,0,0,0,20,0.971,0.971,1.029,7,200,94.79,4
149,-224.58,-100.64,55.44,0,0,0,20,0.976,0.976,1.024,6,200,94.79,5
150,-223.76,-99.32,65.03,0,0,0,20,0.972,0.974,1.028,6,200,94.81,6
151,-223.88,-126.38,48.83,0,0,0,20,0.973,0.973,1.027,4,200,94.72,7
152,-224.20,-120.77,54.81,0,0,0,20,0.975,0.975,1.025,6,200,94.95,8
153,-223.85,-113.39,60.17,0,0,0,20,0.973,0.973,1.027,8,200,94.85,9
154,-223.53,-114.32,61.09,0,0,0,20,0.971,0.973,1.029,7,200,95.00,10
155,-223.28,-106.58,64.79,0,0,0,20,0.971,0.971,1.029,7,200,94.80,1
156,-223.25,-79.38,69.79,0,0,0,20,0.970,0.971,1.030,7,200,95.04,2
157,-222.60,-94.18,65.28,0,0,0,20,0.967,0.969,1.033,8,200,94.85,3
158,-223.22,-101.32,63.56,0,0,0,20,0.970,0.971,1.030,7,200,94.64,4
159,-223.03,-111.08,55.94,0,0,0,20,0.969,0.970,1.031,7,200,94.43,5
160,-226.06,-97.28,62.16,0,0,0,20,0.983,0.983,1.017,5,200,94.98,6
161,-223.81,-91.66,70.18,0,0,0,20,0.973,0.974,1.027,7,200,95.04,7
162,-223.33,-114.03,56.04,0,0,0,20,0.971,0.972,1.029,7,200,94.69,8
163,-223.35,-124.23,51.01,0,0,0,20,0.971,0.972,1.029,8,200,94.75,9
164,-223.39,-126.49,53.72,0,0,0,20,0.971,0.971,1.029,8,200,94.81,10
165,-223.93,-90.31,69.69,0,0,0,20,0.974,0.972,1.026,7,200,94.78,1
166,-221.62,-108.85,56.61,0,0,0,20,0.964,0.964,1.036,4,200,94.91,2
167,-227.73,-125.08,61.68,0,0,0,20,0.990,0.990,1.010,5,200,94.80,3
168,-226.10,-109.81,67.29,0,0,0,20,0.983,0.983,1.017,5,200,94.79,4
169,-225.78,-101.97,63.28,0,0,0,20,0.982,0.982,1.018,7,200,94.80,5
170,-226.67,-121.08,52.50,0,0,0,20,0.986,0.986,1.014,6,200,94.70,6
171,-228.06,-134.45,40.64,0,0,0,20,0.992,0.992,1.008,6,200,94.79,7
172,-225.07,-119.13,49.52,0,0,0,20,0.979,0.979,1.021,5,200,94.20,8
173,-226.63,-130.69,44.59,0,0,0,20,0.985,0.985,1.015,6,200,94.71,9
174,-224.91,-120.94,52.19,0,0,0,20,0.978,0.978,1.022,5,200,94.71,10
175,-225.55,-81.86,67.48,0,0,0,20,0.981,0.981,1.019,5,200,94.71,1
176,-226.06,-95.31,62.70,0,0,0,20,0.983,0.983,1.017,5,200,94.72,2
177,-227.05,-127.32,54.63,0,0,0,20,0.987,0.987,1.013,5,200,94.82,3
178,-224.77,-137.83,49.32,0,0,0,20,0.977,0.977,1.023,5,200,94.58,4
179,-226.56,-122.01,57.70,0,0,0,20,0.985,0.985,1.015,6,200,94.72,5
180,-225.77,-124.21,56.02,0,0,0,20,0.982,0.982,1.018,5,200,94.87,6
181,-228.26,-107.28,67.66,0,0,0,20,0.992,0.992,1.008,6,200,94.91,7
182,-227.66,-133.89,46.21,0,0,0,20,0.990,0.990,1.010,6,200,94.89,8
183,-225.63,-129.83,45.01,0,0,0,20,0.981,0.981,1.019,7,200,94.99,9
184,-233.49,-130.28,55.59,0,0,0,20,1.015,1.015,0.985,7,200,94.62,10
185,-230.04,-117.26,69.88,0,0,0,20,1.000,1.000,1.000,7,200,94.75,1
186,-230.24,-127.18,59.29,0,0,0,20,1.001,1.001,0.999,6,200,94.91,2
187,-232.13,-131.74,39.83,0,0,0,20,1.009,1.009,0.991,7,200,94.70,3
188,-230.45,-121.94,42.98,0,0,0,20,1.002,1.002,0.998,5,200,94.92,4
189,-227.62,-134.28,36.46,0,0,0,20,0.990,0.989,1.010,5,200,95.01,5
190,-231.77,-127.59,46.83,0,0,0,20,1.008,1.008,0.992,5,200,94.84,6
191,-227.62,-118.16,49.99,0,0,0,20,0.990,0.990,1.010,7,200,94.76,7
192,-229.44,-136.64,49.15,0,0,0,20,0.998,0.998,1.002,5,200,94.87,8
193,-228.68,-130.38,52.62,0,0,0,20,0.994,0.994,1.006,6,200,94.97,9
194,-228.43,-120.74,56.30,0,0,0,20,0.993,0.993,1.007,6,200,94.76,10
195,-229.71,-95.88,79.78,0,1,0,19,0.999,0.999,1.001,6,200,94.82,1
196,-229.24,-116.59,51.58,0,0,0,20,0.997,0.997,1.003,6,200,95.01,2
197,-228.07,-128.12,42.09,0,0,0,20,0.992,0.991,1.008,6,200,94.69,3
198,-230.32,-126.68,53.31,0,0,0,20,1.001,1.001,0.999,6,200,94.89,4
199,-230.72,-123.99,51.63,0,0,0,20,1.003,1.003,0.997,5,200,94.93,5
200,-230.09,-127.51,47.27,0,0,0,20,1.000,1.000,1.000,4,200,94.97,6
201,-231.48,-128.28,45.84,0,0,0,20,1.006,1.006,0.994,5,200,94.79,7
202,-232.37,-122.99,52.46,0,0,0,20,1.010,1.010,0.990,7,200,94.95,8
203,-227.97,-109.65,58.55,0,0,0,20,0.991,0.991,1.009,4,200,95.27,9
204,-228.85,-110.15,56.21,0,0,0,20,0.995,0.995,1.005,6,200,95.16,10
205,-228.53,-84.33,72.50,0,0,0,20,0.994,0.993,1.006,6,200,94.90,1
206,-231.43,-122.55,63.61,0,0,0,20,1.006,1.006,0.994,5,200,94.84,2
207,-232.66,-128.91,46.11,0,0,0,20,1.012,1.012,0.988,5,200,94.67,3
208,-228.93,-110.38,70.61,0,0,0,20,0.995,0.995,1.005,6,200,94.91,4
209,-230.58,-139.49,49.25,0,0,0,20,1.003,1.002,0.997,6,200,95.23,5
210,-231.64,-105.74,67.63,0,0,0,20,1.007,1.007,0.993,6,200,94.71,6
211,-229.84,-116.57,61.45,0,0,0,20,0.999,0.999,1.001,6,200,94.66,7
212,-231.27,-122.57,48.57,0,0,0,20,1.006,1.006,0.994,5,200,94.75,8
213,-225.94,-131.11,42.70,0,0,0,20,0.982,0.982,1.018,6,200,95.02,9
214,-228.79,-119.54,63.41,0,0,0,20,0.995,0.995,1.005,4,200,94.76,10
215,-231.76,-103.24,69.88,0,0,0,20,1.008,1.008,0.992,5,200,94.80,1
216,-229.84,-109.16,66.59,0,0,0,20,0.999,0.999,1.001,4,200,94.71,2
217,-228.96,-115.73,53.06,0,0,0,20,0.996,0.995,1.004,6,200,94.74,3
218,-233.70,-121.63,69.04,0,0,0,20,1.016,1.016,0.984,6,200,94.79,4
219,-227.35,-125.15,67.31,0,0,0,20,0.988,0.988,1.012,5,200,95.07,5
220,-230.51,-107.56,58.52,0,0,0,20,1.002,1.002,0.998,6,200,94.66,6
221,-231.49,-90.47,62.74,0,0,0,20,1.006,1.006,0.994,7,200,94.85,7
222,-228.83,-102.71,70.76,0,0,0,20,0.995,0.995,1.005,7,200,94.72,8
223,-235.38,-118.47,58.70,0,0,0,20,1.023,1.023,0.977,5,200,94.99,0
224,-233.01,-126.89,54.05,0,0,0,20,1.013,1.013,0.987,7,200,94.41,1
225,-233.01,-110.18,60.71,0,1,0,19,1.013,1.013,0.987,6,200,94.66,2
226,-235.22,-130.32,50.64,0,0,0,20,1.023,1.023,0.977,7,200,94.75,3
227,-232.41,-114.49,66.00,0,0,0,20,1.010,1.010,0.990,7,200,95.14,4
228,-234.07,-94.18,65.67,0,0,0,20,1.018,1.018,0.982,6,200,94.77,5
229,-233.91,-100.01,67.36,0,0,0,20,1.017,1.017,0.983,7,200,95.20,6
230,-232.58,-115.79,60.90,0,0,0,20,1.011,1.011,0.989,6,200,94.84,7
231,-230.91,-124.24,61.42,0,0,0,20,1.004,1.004,0.996,7,200,94.74,8
232,-234.60,-104.08,54.04,0,0,0,20,1.020,1.020,0.980,5,200,94.66,9
233,-231.90,-115.98,49.01,0,0,0,20,1.008,1.008,0.992,7,200,94.94,10
234,-225.92,-97.01,60.12,0,0,0,20,0.982,0.982,1.018,7,200,94.99,1
235,-229.66,-117.66,58.67,0,0,0,20,0.999,0.999,1.001,6,200,94.98,2
236,-228.71,-124.16,48.89,0,0,0,20,0.994,0.994,1.006,7,200,94.83,3
237,-226.46,-125.03,59.12,0,0,0,20,0.985,0.985,1.015,7,200,95.02,4
238,-227.51,-118.53,50.06,0,0,0,20,0.989,0.989,1.011,7,200,95.11,5
239,-227.54,-100.84,59.27,0,0,0,20,0.989,0.989,1.011,5,200,95.10,6
240,-228.52,-120.26,54.73,0,0,0,20,0.994,0.994,1.006,6,200,94.80,7
241,-232.37,-103.79,66.51,0,0,0,20,1.010,1.010,0.990,6,200,94.90,8
242,-229.50,-102.94,58.67,0,0,0,20,0.998,0.998,1.002,7,200,94.73,9
243,-229.73,-121.49,61.48,0,0,0,20,0.999,0.999,1.001,7,200,94.79,10
244,-229.82,-114.86,53.28,0,0,0,20,0.999,0.999,1.001,7,200,95.16,1
245,-233.76,-120.84,55.39,0,0,0,20,1.016,1.016,0.984,7,200,94.94,2
246,-236.60,-117.71,50.62,0,0,0,20,1.029,1.029,0.971,7,200,95.04,0
247,-234.95,-114.78,50.55,0,0,0,20,1.022,1.022,0.978,7,200,94.92,1
248,-230.79,-117.26,52.23,0,0,0,20,1.003,1.003,0.997,7,200,94.93,2
249,-235.04,-109.15,55.34,0,0,0,20,1.022,1.022,0.978,7,200,94.72,3
250,-208.66,-104.30,35.54,0,0,0,20,0.907,0.907,1.093,5,200,94.79,4
251,-205.83,-106.03,38.67,0,0,0,20,0.895,0.895,1.105,7,200,94.71,5
252,-208.33,-113.85,44.73,0,0,0,20,0.906,0.906,1.094,7,200,94.79,6
253,-219.53,-116.87,43.86,0,0,0,20,0.954,0.954,1.046,5,200,94.99,7
254,-221.16,-110.45,50.70,0,0,0,20,0.962,0.962,1.038,6,200,94.92,8
255,-221.63,-118.22,51.44,0,0,0,20,0.964,0.964,1.036,7,200,95.18,9
256,-229.97,-127.56,50.33,0,0,0,20,1.000,1.000,1.000,4,200,94.90,10
257,-230.00,-124.58,45.71,0,0,0,20,1.000,1.000,1.000,6,200,95.05,1
258,-233.01,-130.89,39.02,0,0,0,20,1.013,1.013,0.987,6,200,95.23,2
259,-232.07,-120.64,48.35,0,0,0,20,1.009,1.009,0.991,6,200,95.13,3
260,-233.20,-136.82,52.93,0,0,0,20,1.014,1.014,0.986,6,200,95.01,4
261,-234.22,-125.12,51.04,0,0,0,20,1.018,1.018,0.982,6,200,94.95,5
262,-231.74,-116.40,60.95,0,0,0,20,1.008,1.008,0.992,7,200,94.95,6
263,-231.08,-112.18,53.32,0,0,0,20,1.005,1.005,0.995,6,200,94.73,7
264,-232.92,-138.02,52.46,0,0,0,20,1.013,1.013,0.987,6,200,94.72,8
265,-232.21,-132.63,50.88,0,0,0,20,1.010,1.010,0.990,6,200,94.60,9
266,-230.96,-112.68,50.34,0,0,0,20,1.004,1.004,0.996,4,200,94.98,10
267,-232.65,-134.08,39.75,0,0,0,20,1.012,1.011,0.988,6,200,94.49,1
268,-233.27,-125.46,59.34,0,0,0,20,1.014,1.014,0.986,5,200,95.06,2
269,-233.33,-109.32,71.83,0,0,0,20,1.014,1.014,0.986,6,200,94.83,3
270,-232.33,-121.38,60.83,0,0,0,20,1.010,1.010,0.990,4,200,94.55,4
271,-235.22,-131.20,51.26,0,0,0,20,1.023,1.023,0.977,5,200,94.82,5
272,-232.45,-126.40,57.38,0,0,0,20,1.011,1.011,0.989,5,200,95.16,6
273,-231.61,-129.81,47.04,0,0,0,20,1.007,1.007,0.993,6,200,94.72,7
274,-232.89,-140.14,47.35,0,0,0,20,1.013,1.013,0.987,4,200,94.87,8
275,-233.78,-121.62,60.59,0,0,0,20,1.016,1.016,0.984,5,200,95.10,9
276,-231.96,-120.70,64.22,0,0,0,20,1.009,1.009,0.991,6,200,94.69,10
277,-232.19,-126.05,44.78,0,0,0,20,1.010,1.010,0.990,5,200,94.83,1
278,-231.12,-141.24,34.46,0,0,0,20,1.005,1.005,0.995,6,200,94.92,2
279,-231.06,-121.53,63.31,0,0,0,20,1.005,1.005,0.995,6,200,94.99,3
280,-230.56,-118.63,49.12,0,0,0,20,1.002,1.002,0.998,4,200,95.22,4
281,-232.31,-113.06,62.37,0,0,0,20,1.010,1.010,0.990,6,200,94.82,5
282,-232.12,-138.49,55.02,0,0,0,20,1.009,1.009,0.991,5,200,95.17,6
283,-230.37,-124.02,44.30,0,0,0,20,1.002,1.002,0.998,6,200,94.64,7
284,-229.16,-128.07,29.36,0,0,0,20,0.996,0.996,1.004,5,200,94.89,8
285,-232.10,-104.39,57.85,0,0,0,20,1.009,1.009,0.991,5,200,94.77,9
286,-231.64,-110.78,46.37,0,0,0,20,1.007,1.007,0.993,6,200,94.79,10
287,-232.51,-95.03,62.79,0,0,0,20,1.011,1.011,0.989,7,200,94.63,1
288,-230.51,-109.51,50.82,0,0,0,20,1.002,1.002,0.998,6,200,95.04,2
289,-229.33,-113.24,59.33,0,0,0,20,0.997,0.997,1.003,5,200,94.90,3
290,-231.20,-118.56,59.23,0,0,0,20,1.005,1.005,0.995,6,200,94.92,4
291,-228.75,-111.13,57.65,0,0,0,20,0.995,0.995,1.005,5,200,94.91,5
292,-230.28,-126.53,53.30,0,0,0,20,1.001,1.001,0.999,6,200,94.71,6
293,-232.69,-116.42,55.71,0,0,0,20,1.012,1.012,0.988,6,200,95.18,7
294,-229.14,-98.99,66.35,0,0,0,20,0.996,0.996,1.004,5,200,94.92,8
295,-230.85,-99.82,73.70,0,1,0,19,1.004,1.004,0.996,6,200,95.15,9
296,-230.81,-113.55,63.77,0,0,0,20,1.004,1.004,0.996,6,200,95.01,10
297,-231.33,-134.66,55.63,0,0,0,20,1.006,1.006,0.994,5,200,94.76,1
298,-231.46,-127.69,59.54,0,0,0,20,1.006,1.006,0.994,7,200,94.95,2
299,-230.76,-117.17,53.44,0,0,0,20,1.003,1.003,0.997,6,200,95.02,3
300,-232.31,-123.14,49.95,0,0,0,20,1.010,1.010,0.990,5,200,94.85,4
301,-232.90,-111.79,58.35,0,0,0,20,1.013,1.013,0.987,6,200,94.86,5
302,-233.85,-126.04,70.97,0,0,0,20,1.017,1.017,0.983,5,200,94.92,6
303,-235.01,-129.11,46.38,0,0,0,20,1.022,1.022,0.978,5,200,94.71,7
304,-232.78,-121.97,53.58,0,0,0,20,1.012,1.012,0.988,5,200,94.86,8
305,-232.48,-124.34,44.64,0,0,0,20,1.011,1.011,0.989,7,200,94.80,9
306,-234.18,-133.72,53.58,0,0,0,20,1.018,1.018,0.982,5,200,95.04,10
307,-234.52,-95.10,68.69,0,0,0,20,1.020,1.020,0.980,6,200,94.79,1
308,-234.48,-127.11,54.58,0,0,0,20,1.020,1.019,0.980,5,200,95.05,2
309,-233.16,-113.08,58.79,0,0,0,20,1.014,1.014,0.986,7,200,95.02,3
310,-231.74,-120.30,52.86,0,0,0,20,1.008,1.008,0.992,7,200,95.07,4
311,-228.51,-126.44,35.51,0,0,0,20,0.988,1.004,1.012,4,200,95.01,5
312,-223.48,-121.33,46.76,0,0,0,20,0.966,0.982,1.034,5,200,94.98,6
313,-228.44,-118.50,43.57,0,0,0,20,0.992,0.995,1.008,5,200,95.05,7
314,-233.70,-96.66,53.93,0,1,0,19,1.016,1.016,0.984,6,200,95.15,8
315,-195.04,-124.88,32.44,0,0,0,20,0.848,0.848,1.152,5,200,95.39,9
316,-207.48,-126.90,31.50,0,0,0,20,0.902,0.902,1.098,5,200,94.98,10
317,-226.59,-117.96,68.38,0,0,0,20,0.985,0.985,1.015,5,200,94.79,1
318,-231.16,-119.02,60.44,0,0,0,20,1.005,1.005,0.995,6,200,95.11,2
319,-230.61,-130.42,44.40,0,0,0,20,1.003,1.003,0.997,5,200,95.02,3
320,-229.73,-114.44,48.96,0,0,0,20,0.999,0.999,1.001,5,200,95.02,4
321,-233.82,-142.67,47.34,0,0,0,20,1.017,1.017,0.983,5,200,95.15,5
322,-232.12,-119.36,51.71,0,0,0,20,1.009,1.009,0.991,7,200,95.26,6
323,-232.80,-125.49,56.32,0,0,0,20,1.012,1.012,0.988,7,200,95.06,7
324,-232.33,-129.82,41.80,0,0,0,20,1.010,1.010,0.990,4,200,94.85,8
325,-229.20,-120.23,46.25,0,0,0,20,0.997,0.997,1.003,6,200,95.13,9
326,-213.57,-129.67,44.35,0,0,0,20,0.929,0.929,1.071,5,200,95.38,10
327,-215.39,-108.55,57.70,0,0,0,20,0.936,0.936,1.064,5,200,95.11,1
328,-231.12,-116.04,58.69,0,0,0,20,1.005,1.005,0.995,5,200,94.87,2
329,-233.14,-127.65,44.38,0,0,0,20,1.014,1.014,0.986,5,200,95.02,3
330,-231.46,-131.02,51.50,0,0,0,20,1.006,1.006,0.994,5,200,94.95,4
331,-232.83,-142.36,48.51,0,0,0,20,1.012,1.012,0.988,5,200,95.12,5
332,-233.78,-143.89,50.50,0,0,0,20,1.016,1.016,0.984,4,200,95.18,6
333,-232.85,-115.28,55.12,0,0,0,20,1.012,1.012,0.988,6,200,95.01,7
334,-230.94,-110.97,55.92,0,0,0,20,1.004,1.004,0.996,6,200,94.93,8
335,-231.46,-114.49,52.70,0,0,0,20,1.006,1.006,0.994,5,200,95.01,9
336,-229.73,-141.86,44.45,0,0,0,20,0.999,0.999,1.001,5,200,94.99,10
337,-232.37,-107.83,66.91,0,0,0,20,1.010,1.010,0.990,4,200,95.00,1
338,-231.04,-122.83,44.49,0,0,0,20,1.005,1.005,0.995,5,200,95.11,2
339,-231.23,-117.98,62.34,0,0,0,20,1.005,1.005,0.995,5,200,95.12,3
340,-231.30,-137.24,45.73,0,0,0,20,1.006,1.006,0.994,4,200,94.98,4
341,-232.07,-128.62,49.60,0,0,0,20,1.009,1.009,0.991,5,200,95.07,5
342,-230.79,-139.19,49.57,0,0,0,20,1.003,1.003,0.997,6,200,95.00,6
343,-232.43,-135.29,44.01,0,0,0,20,1.011,1.011,0.989,6,200,95.02,7
344,-231.68,-118.13,52.18,0,0,0,20,1.007,1.007,0.993,5,200,94.69,8
345,-232.10,-130.90,62.55,0,0,0,20,1.009,1.009,0.991,6,200,95.24,9
346,-229.87,-121.56,58.65,0,0,0,20,0.999,0.999,1.001,5,200,95.19,10
347,-230.67,-99.42,61.47,0,0,0,20,1.003,1.003,0.997,5,200,94.99,1
348,-231.57,-110.29,57.97,0,0,0,20,1.007,1.007,0.993,5,200,95.09,2
349,-230.38,-128.41,48.96,0,0,0,20,1.002,1.002,0.998,5,200,95.19,3
350,-230.91,-118.48,52.40,0,0,0,20,1.004,1.004,0.996,6,200,94.69,4
351,-232.09,-121.05,53.67,0,0,0,20,1.009,1.009,0.991,6,200,95.22,5
352,-230.73,-128.51,42.23,0,0,0,20,1.003,1.003,0.997,5,200,94.99,6
353,-199.09,-105.28,50.90,0,0,0,20,0.866,0.866,1.134,4,200,95.05,7
354,-199.66,-120.06,46.64,0,0,0,20,0.868,0.868,1.132,4,200,95.26,8
355,-206.39,-114.78,53.84,0,0,0,20,0.897,0.897,1.103,4,200,95.19,9
356,-204.89,-121.87,45.12,0,0,0,20,0.891,0.891,1.109,4,200,95.19,10
357,-202.93,-102.36,55.37,0,0,0,20,0.882,0.882,1.118,4,200,95.12,1
358,-207.37,-115.25,48.39,0,0,0,20,0.896,0.913,1.104,4,200,95.01,2
359,-191.25,-125.83,33.60,0,0,0,20,0.826,0.842,1.174,4,200,94.96,3
360,-201.56,-129.79,38.44,0,0,0,20,0.871,0.887,1.129,5,200,95.03,4
361,-196.63,-129.36,30.38,0,0,0,20,0.855,0.855,1.145,5,200,95.07,5
362,-209.79,-116.98,51.92,0,0,0,20,0.906,0.924,1.094,5,200,95.16,6
363,-190.47,-131.54,28.42,0,0,0,20,0.828,0.828,1.172,4,200,94.96,7
364,-214.63,-122.48,45.34,0,0,0,20,0.933,0.933,1.067,4,200,95.18,8
365,-214.67,-122.92,39.62,0,0,0,20,0.933,0.933,1.067,5,200,95.15,9
366,-216.07,-129.76,40.15,0,0,0,20,0.934,0.950,1.066,5,200,95.19,10
367,-210.16,-107.34,59.82,0,0,0,20,0.908,0.925,1.092,5,200,95.32,1
368,-200.19,-132.44,37.75,0,0,0,20,0.870,0.870,1.130,5,200,95.27,2
